Record Length,2.50E+03,,-0.00000033,0.0056
Sample Interval,1.00E-09,,-0.000000329,0.0056
Trigger Point,3.30E+02,,-0.000000328,0.0056
,,,-0.000000327,0.0056
,,,-0.000000326,0.0056
,,,-0.000000325,0.0048
Source,CH1,,-0.000000324,0.0056
Vertical Units,V,,-0.000000323,0.0056
Vertical Scale,2.00E-02,,-0.000000322,0.0048
Vertical Offset,-4.32E-02,,-0.000000321,0.0056
Horizontal Units,s,,-0.00000032,0.0048
Horizontal Scale,2.50E-07,,-0.000000319,0.0056
Pt Fmt,Y,,-0.000000318,0.0048
Yzero,0.00E+00,,-0.000000317,0.0048
Probe Atten,1.00E+01,,-0.000000316,0.0048
Model Number,TDS2001C,,-0.000000315,0.0048
Serial Number,C040529,,-0.000000314,0.0048
Firmware Version,FV:v24.26,,-0.000000313,0.0048
,,,-0.000000312,0.0048
,,,-0.000000311,0.0048
,,,-0.00000031,0.0056
,,,-0.000000309,0.0064
,,,-0.000000308,0.0048
,,,-0.000000307,0.0048
,,,-0.000000306,0.0048
,,,-0.000000305,0.0056
,,,-0.000000304,0.0056
,,,-0.000000303,0.0048
,,,-0.000000302,0.0056
,,,-0.000000301,0.0064
,,,-0.0000003,0.0056
,,,-0.000000299,0.0056
,,,-0.000000298,0.0064
,,,-0.000000297,0.0056
,,,-0.000000296,0.0056
,,,-0.000000295,0.0056
,,,-0.000000294,0.0056
,,,-0.000000293,0.0056
,,,-0.000000292,0.0048
,,,-0.000000291,0.0048
,,,-0.00000029,0.0048
,,,-0.000000289,0.004
,,,-0.000000288,0.0048
,,,-0.000000287,0.004
,,,-0.000000286,0.0048
,,,-0.000000285,0.0032
,,,-0.000000284,0.004
,,,-0.000000283,0.004
,,,-0.000000282,0.0048
,,,-0.000000281,0.004
,,,-0.00000028,0.004
,,,-0.000000279,0.004
,,,-0.000000278,0.004
,,,-0.000000277,0.004
,,,-0.000000276,0.004
,,,-0.000000275,0.004
,,,-0.000000274,0.0048
,,,-0.000000273,0.0048
,,,-0.000000272,0.0032
,,,-0.000000271,0.0048
,,,-0.00000027,0.004
,,,-0.000000269,0.0048
,,,-0.000000268,0.0048
,,,-0.000000267,0.0048
,,,-0.000000266,0.0032
,,,-0.000000265,0.004
,,,-0.000000264,0.004
,,,-0.000000263,0.0056
,,,-0.000000262,0.0048
,,,-0.000000261,0.0056
,,,-0.00000026,0.004
,,,-0.000000259,0.0048
,,,-0.000000258,0.0048
,,,-0.000000257,0.0048
,,,-0.000000256,0.0048
,,,-0.000000255,0.0056
,,,-0.000000254,0.0056
,,,-0.000000253,0.004
,,,-0.000000252,0.0048
,,,-0.000000251,0.004
,,,-0.00000025,0.0048
,,,-0.000000249,0.0056
,,,-0.000000248,0.004
,,,-0.000000247,0.0056
,,,-0.000000246,0.004
,,,-0.000000245,0.0056
,,,-0.000000244,0.004
,,,-0.000000243,0.0048
,,,-0.000000242,0.0048
,,,-0.000000241,0.0048
,,,-0.00000024,0.0048
,,,-0.000000239,0.004
,,,-0.000000238,0.0048
,,,-0.000000237,0.0048
,,,-0.000000236,0.0048
,,,-0.000000235,0.0056
,,,-0.000000234,0.004
,,,-0.000000233,0.0056
,,,-0.000000232,0.0048
,,,-0.000000231,0.0056
,,,-0.00000023,0.0048
,,,-0.000000229,0.0056
,,,-0.000000228,0.0048
,,,-0.000000227,0.0048
,,,-0.000000226,0.004
,,,-0.000000225,0.0048
,,,-0.000000224,0.0048
,,,-0.000000223,0.0048
,,,-0.000000222,0.0048
,,,-0.000000221,0.0048
,,,-0.00000022,0.0056
,,,-0.000000219,0.004
,,,-0.000000218,0.0048
,,,-0.000000217,0.0048
,,,-0.000000216,0.0048
,,,-0.000000215,0.0048
,,,-0.000000214,0.0048
,,,-0.000000213,0.0048
,,,-0.000000212,0.0048
,,,-0.000000211,0.004
,,,-0.00000021,0.004
,,,-0.000000209,0.004
,,,-0.000000208,0.0048
,,,-0.000000207,0.004
,,,-0.000000206,0.0048
,,,-0.000000205,0.0048
,,,-0.000000204,0.004
,,,-0.000000203,0.0048
,,,-0.000000202,0.004
,,,-0.000000201,0.0048
,,,-0.0000002,0.004
,,,-0.000000199,0.0048
,,,-0.000000198,0.0048
,,,-0.000000197,0.0048
,,,-0.000000196,0.0048
,,,-0.000000195,0.0048
,,,-0.000000194,0.0048
,,,-0.000000193,0.0048
,,,-0.000000192,0.0048
,,,-0.000000191,0.0048
,,,-0.00000019,0.0056
,,,-0.000000189,0.0048
,,,-0.000000188,0.0048
,,,-0.000000187,0.0064
,,,-0.000000186,0.0056
,,,-0.000000185,0.0064
,,,-0.000000184,0.0064
,,,-0.000000183,0.0064
,,,-0.000000182,0.0064
,,,-0.000000181,0.0056
,,,-0.00000018,0.0064
,,,-0.000000179,0.0064
,,,-0.000000178,0.0056
,,,-0.000000177,0.0056
,,,-0.000000176,0.0064
,,,-0.000000175,0.0056
,,,-0.000000174,0.0056
,,,-0.000000173,0.0056
,,,-0.000000172,0.0048
,,,-0.000000171,0.0056
,,,-0.00000017,0.0048
,,,-0.000000169,0.004
,,,-0.000000168,0.0048
,,,-0.000000167,0.0048
,,,-0.000000166,0.0032
,,,-0.000000165,0.004
,,,-0.000000164,0.0048
,,,-0.000000163,0.004
,,,-0.000000162,0.0048
,,,-0.000000161,0.0048
,,,-0.00000016,0.0048
,,,-0.000000159,0.004
,,,-0.000000158,0.0048
,,,-0.000000157,0.0048
,,,-0.000000156,0.0048
,,,-0.000000155,0.0056
,,,-0.000000154,0.004
,,,-0.000000153,0.0048
,,,-0.000000152,0.004
,,,-0.000000151,0.0048
,,,-0.00000015,0.0048
,,,-0.000000149,0.0048
,,,-0.000000148,0.0048
,,,-0.000000147,0.004
,,,-0.000000146,0.0048
,,,-0.000000145,0.0048
,,,-0.000000144,0.0048
,,,-0.000000143,0.0048
,,,-0.000000142,0.004
,,,-0.000000141,0.0056
,,,-0.00000014,0.0048
,,,-0.000000139,0.0048
,,,-0.000000138,0.0056
,,,-0.000000137,0.0048
,,,-0.000000136,0.0064
,,,-0.000000135,0.0048
,,,-0.000000134,0.0056
,,,-0.000000133,0.0048
,,,-0.000000132,0.0048
,,,-0.000000131,0.0048
,,,-0.00000013,0.0048
,,,-0.000000129,0.0056
,,,-0.000000128,0.0048
,,,-0.000000127,0.0048
,,,-0.000000126,0.0056
,,,-0.000000125,0.0064
,,,-0.000000124,0.0064
,,,-0.000000123,0.0064
,,,-0.000000122,0.0056
,,,-0.000000121,0.0048
,,,-0.00000012,0.0056
,,,-0.000000119,0.0064
,,,-0.000000118,0.0056
,,,-0.000000117,0.0064
,,,-0.000000116,0.0056
,,,-0.000000115,0.0056
,,,-0.000000114,0.0048
,,,-0.000000113,0.0064
,,,-0.000000112,0.0048
,,,-0.000000111,0.0072
,,,-0.00000011,0.0064
,,,-0.000000109,0.0064
,,,-0.000000108,0.0056
,,,-0.000000107,0.0064
,,,-0.000000106,0.0064
,,,-0.000000105,0.0064
,,,-0.000000104,0.0064
,,,-0.000000103,0.0056
,,,-0.000000102,0.0064
,,,-0.000000101,0.0064
,,,-0.0000001,0.0064
,,,-0.000000099,0.0064
,,,-0.000000098,0.0064
,,,-0.000000097,0.0056
,,,-0.000000096,0.0056
,,,-0.000000095,0.0048
,,,-0.000000094,0.0056
,,,-0.000000093,0.0048
,,,-0.000000092,0.0048
,,,-0.000000091,0.0048
,,,-0.00000009,0.0056
,,,-0.000000089,0.0048
,,,-0.000000088,0.0056
,,,-0.000000087,0.0056
,,,-0.000000086,0.0056
,,,-0.000000085,0.0048
,,,-0.000000084,0.0048
,,,-0.000000083,0.0056
,,,-0.000000082,0.0056
,,,-0.000000081,0.0056
,,,-0.00000008,0.0048
,,,-0.000000079,0.0056
,,,-0.000000078,0.0056
,,,-0.000000077,0.0056
,,,-0.000000076,0.0056
,,,-0.000000075,0.0048
,,,-0.000000074,0.004
,,,-0.000000073,0.0056
,,,-0.000000072,0.0056
,,,-0.000000071,0.0048
,,,-0.00000007,0.004
,,,-0.000000069,0.0048
,,,-0.000000068,0.0048
,,,-0.000000067,0.004
,,,-0.000000066,0.0056
,,,-0.000000065,0.0056
,,,-0.000000064,0.0056
,,,-0.000000063,0.0056
,,,-0.000000062,0.0048
,,,-0.000000061,0.0056
,,,-0.00000006,0.0048
,,,-0.000000059,0.0048
,,,-0.000000058,0.0048
,,,-0.000000057,0.0056
,,,-0.000000056,0.0048
,,,-0.000000055,0.004
,,,-0.000000054,0.0048
,,,-0.000000053,0.004
,,,-0.000000052,0.0056
,,,-0.000000051,0.0048
,,,-0.00000005,0.0048
,,,-0.000000049,0.0056
,,,-0.000000048,0.004
,,,-0.000000047,0.0048
,,,-0.000000046,0.0048
,,,-0.000000045,0.0048
,,,-0.000000044,0.0056
,,,-0.000000043,0.0048
,,,-0.000000042,0.0056
,,,-0.000000041,0.0056
,,,-0.00000004,0.0048
,,,-0.000000039,0.0056
,,,-0.000000038,0.0056
,,,-0.000000037,0.0064
,,,-0.000000036,0.0056
,,,-0.000000035,0.0064
,,,-0.000000034,0.0056
,,,-0.000000033,0.0072
,,,-0.000000032,0.0064
,,,-0.000000031,0.0056
,,,-0.00000003,0.0064
,,,-0.000000029,0.0056
,,,-0.000000028,0.0056
,,,-0.000000027,0.0064
,,,-0.000000026,0.0072
,,,-0.000000025,0.0064
,,,-0.000000024,0.0072
,,,-0.000000023,0.008
,,,-0.000000022,0.0096
,,,-0.000000021,0.0104
,,,-0.00000002,0.0136
,,,-0.000000019,0.016
,,,-0.000000018,0.0184
,,,-0.000000017,0.0208
,,,-0.000000016,0.024
,,,-0.000000015,0.0272
,,,-0.000000014,0.0304
,,,-0.000000013,0.0344
,,,-0.000000012,0.04
,,,-0.000000011,0.0432
,,,-0.00000001,0.048
,,,-0.000000009,0.0512
,,,-0.000000008,0.056
,,,-0.000000007,0.06
,,,-0.000000006,0.0632
,,,-0.000000005,0.0664
,,,-0.000000004,0.0704
,,,-0.000000003,0.0728
,,,-0.000000002,0.0752
,,,-0.000000001,0.0776
,,,0,0.0792
,,,0.000000001,0.0816
,,,0.000000002,0.084
,,,0.000000003,0.0856
,,,0.000000004,0.0872
,,,0.000000005,0.0872
,,,0.000000006,0.0888
,,,0.000000007,0.0888
,,,0.000000008,0.0896
,,,0.000000009,0.0912
,,,0.00000001,0.0904
,,,0.000000011,0.0904
,,,0.000000012,0.0912
,,,0.000000013,0.0912
,,,0.000000014,0.0912
,,,0.000000015,0.0904
,,,0.000000016,0.0912
,,,0.000000017,0.0912
,,,0.000000018,0.0912
,,,0.000000019,0.0896
,,,0.00000002,0.0904
,,,0.000000021,0.0896
,,,0.000000022,0.0912
,,,0.000000023,0.0904
,,,0.000000024,0.0904
,,,0.000000025,0.0904
,,,0.000000026,0.0904
,,,0.000000027,0.0896
,,,0.000000028,0.0896
,,,0.000000029,0.0896
,,,0.00000003,0.0888
,,,0.000000031,0.0888
,,,0.000000032,0.0888
,,,0.000000033,0.0896
,,,0.000000034,0.0888
,,,0.000000035,0.0896
,,,0.000000036,0.0896
,,,0.000000037,0.0888
,,,0.000000038,0.088
,,,0.000000039,0.088
,,,0.00000004,0.088
,,,0.000000041,0.0888
,,,0.000000042,0.0872
,,,0.000000043,0.088
,,,0.000000044,0.0864
,,,0.000000045,0.0872
,,,0.000000046,0.0864
,,,0.000000047,0.0864
,,,0.000000048,0.0864
,,,0.000000049,0.0856
,,,0.00000005,0.0856
,,,0.000000051,0.0856
,,,0.000000052,0.0856
,,,0.000000053,0.0848
,,,0.000000054,0.0856
,,,0.000000055,0.0856
,,,0.000000056,0.084
,,,0.000000057,0.084
,,,0.000000058,0.0832
,,,0.000000059,0.084
,,,0.00000006,0.0848
,,,0.000000061,0.084
,,,0.000000062,0.084
,,,0.000000063,0.084
,,,0.000000064,0.0832
,,,0.000000065,0.0824
,,,0.000000066,0.0832
,,,0.000000067,0.0832
,,,0.000000068,0.0824
,,,0.000000069,0.0824
,,,0.00000007,0.0824
,,,0.000000071,0.0808
,,,0.000000072,0.0824
,,,0.000000073,0.0816
,,,0.000000074,0.0816
,,,0.000000075,0.0816
,,,0.000000076,0.0816
,,,0.000000077,0.0816
,,,0.000000078,0.0816
,,,0.000000079,0.0808
,,,0.00000008,0.0808
,,,0.000000081,0.0816
,,,0.000000082,0.0808
,,,0.000000083,0.08
,,,0.000000084,0.08
,,,0.000000085,0.0808
,,,0.000000086,0.08
,,,0.000000087,0.08
,,,0.000000088,0.0792
,,,0.000000089,0.08
,,,0.00000009,0.0784
,,,0.000000091,0.0792
,,,0.000000092,0.0776
,,,0.000000093,0.0776
,,,0.000000094,0.0776
,,,0.000000095,0.0776
,,,0.000000096,0.0768
,,,0.000000097,0.0776
,,,0.000000098,0.0768
,,,0.000000099,0.0768
,,,0.0000001,0.076
,,,0.000000101,0.076
,,,0.000000102,0.0752
,,,0.000000103,0.076
,,,0.000000104,0.0752
,,,0.000000105,0.0744
,,,0.000000106,0.0752
,,,0.000000107,0.0752
,,,0.000000108,0.076
,,,0.000000109,0.0752
,,,0.00000011,0.076
,,,0.000000111,0.0752
,,,0.000000112,0.0752
,,,0.000000113,0.0744
,,,0.000000114,0.076
,,,0.000000115,0.076
,,,0.000000116,0.0752
,,,0.000000117,0.0752
,,,0.000000118,0.0744
,,,0.000000119,0.0744
,,,0.00000012,0.0744
,,,0.000000121,0.0736
,,,0.000000122,0.0744
,,,0.000000123,0.0744
,,,0.000000124,0.0744
,,,0.000000125,0.0736
,,,0.000000126,0.0736
,,,0.000000127,0.0744
,,,0.000000128,0.0728
,,,0.000000129,0.0744
,,,0.00000013,0.072
,,,0.000000131,0.072
,,,0.000000132,0.0736
,,,0.000000133,0.0728
,,,0.000000134,0.0736
,,,0.000000135,0.072
,,,0.000000136,0.072
,,,0.000000137,0.072
,,,0.000000138,0.072
,,,0.000000139,0.0728
,,,0.00000014,0.072
,,,0.000000141,0.072
,,,0.000000142,0.0728
,,,0.000000143,0.0704
,,,0.000000144,0.0712
,,,0.000000145,0.0704
,,,0.000000146,0.0704
,,,0.000000147,0.0704
,,,0.000000148,0.0696
,,,0.000000149,0.0704
,,,0.00000015,0.0696
,,,0.000000151,0.0696
,,,0.000000152,0.0696
,,,0.000000153,0.0704
,,,0.000000154,0.0688
,,,0.000000155,0.0704
,,,0.000000156,0.0696
,,,0.000000157,0.0688
,,,0.000000158,0.0688
,,,0.000000159,0.0696
,,,0.00000016,0.068
,,,0.000000161,0.0696
,,,0.000000162,0.0688
,,,0.000000163,0.0688
,,,0.000000164,0.0672
,,,0.000000165,0.068
,,,0.000000166,0.068
,,,0.000000167,0.068
,,,0.000000168,0.0688
,,,0.000000169,0.0672
,,,0.00000017,0.0664
,,,0.000000171,0.0664
,,,0.000000172,0.0664
,,,0.000000173,0.0664
,,,0.000000174,0.0664
,,,0.000000175,0.0664
,,,0.000000176,0.0664
,,,0.000000177,0.0656
,,,0.000000178,0.0664
,,,0.000000179,0.0664
,,,0.00000018,0.0656
,,,0.000000181,0.0664
,,,0.000000182,0.0648
,,,0.000000183,0.0648
,,,0.000000184,0.0648
,,,0.000000185,0.064
,,,0.000000186,0.0648
,,,0.000000187,0.064
,,,0.000000188,0.064
,,,0.000000189,0.064
,,,0.00000019,0.064
,,,0.000000191,0.064
,,,0.000000192,0.064
,,,0.000000193,0.0632
,,,0.000000194,0.0624
,,,0.000000195,0.0624
,,,0.000000196,0.0624
,,,0.000000197,0.0624
,,,0.000000198,0.0624
,,,0.000000199,0.0624
,,,0.0000002,0.0624
,,,0.000000201,0.0616
,,,0.000000202,0.0624
,,,0.000000203,0.0624
,,,0.000000204,0.0616
,,,0.000000205,0.0632
,,,0.000000206,0.0632
,,,0.000000207,0.0632
,,,0.000000208,0.0632
,,,0.000000209,0.0616
,,,0.00000021,0.0624
,,,0.000000211,0.0632
,,,0.000000212,0.0624
,,,0.000000213,0.0624
,,,0.000000214,0.0624
,,,0.000000215,0.0616
,,,0.000000216,0.0616
,,,0.000000217,0.0608
,,,0.000000218,0.0608
,,,0.000000219,0.0608
,,,0.00000022,0.0616
,,,0.000000221,0.0616
,,,0.000000222,0.0608
,,,0.000000223,0.0616
,,,0.000000224,0.0616
,,,0.000000225,0.0608
,,,0.000000226,0.0616
,,,0.000000227,0.06
,,,0.000000228,0.06
,,,0.000000229,0.06
,,,0.00000023,0.06
,,,0.000000231,0.06
,,,0.000000232,0.0592
,,,0.000000233,0.0592
,,,0.000000234,0.0592
,,,0.000000235,0.0592
,,,0.000000236,0.0584
,,,0.000000237,0.0576
,,,0.000000238,0.0584
,,,0.000000239,0.0584
,,,0.00000024,0.0592
,,,0.000000241,0.0592
,,,0.000000242,0.0584
,,,0.000000243,0.0576
,,,0.000000244,0.0576
,,,0.000000245,0.0584
,,,0.000000246,0.0576
,,,0.000000247,0.0592
,,,0.000000248,0.0584
,,,0.000000249,0.0576
,,,0.00000025,0.0584
,,,0.000000251,0.0576
,,,0.000000252,0.0584
,,,0.000000253,0.0584
,,,0.000000254,0.0568
,,,0.000000255,0.0576
,,,0.000000256,0.0568
,,,0.000000257,0.056
,,,0.000000258,0.0568
,,,0.000000259,0.056
,,,0.00000026,0.0568
,,,0.000000261,0.0568
,,,0.000000262,0.0568
,,,0.000000263,0.056
,,,0.000000264,0.056
,,,0.000000265,0.056
,,,0.000000266,0.056
,,,0.000000267,0.056
,,,0.000000268,0.0552
,,,0.000000269,0.0552
,,,0.00000027,0.0552
,,,0.000000271,0.0552
,,,0.000000272,0.0544
,,,0.000000273,0.0552
,,,0.000000274,0.0544
,,,0.000000275,0.0552
,,,0.000000276,0.0544
,,,0.000000277,0.0544
,,,0.000000278,0.0536
,,,0.000000279,0.0536
,,,0.00000028,0.0544
,,,0.000000281,0.0536
,,,0.000000282,0.0536
,,,0.000000283,0.0536
,,,0.000000284,0.0528
,,,0.000000285,0.0536
,,,0.000000286,0.0528
,,,0.000000287,0.0536
,,,0.000000288,0.0528
,,,0.000000289,0.0528
,,,0.00000029,0.052
,,,0.000000291,0.0528
,,,0.000000292,0.052
,,,0.000000293,0.052
,,,0.000000294,0.0512
,,,0.000000295,0.0528
,,,0.000000296,0.0512
,,,0.000000297,0.0512
,,,0.000000298,0.052
,,,0.000000299,0.052
,,,0.0000003,0.0512
,,,0.000000301,0.0512
,,,0.000000302,0.052
,,,0.000000303,0.0512
,,,0.000000304,0.0512
,,,0.000000305,0.0512
,,,0.000000306,0.052
,,,0.000000307,0.0512
,,,0.000000308,0.0512
,,,0.000000309,0.052
,,,0.00000031,0.0512
,,,0.000000311,0.052
,,,0.000000312,0.0512
,,,0.000000313,0.052
,,,0.000000314,0.0512
,,,0.000000315,0.0504
,,,0.000000316,0.0504
,,,0.000000317,0.0496
,,,0.000000318,0.0496
,,,0.000000319,0.0496
,,,0.00000032,0.0496
,,,0.000000321,0.0504
,,,0.000000322,0.0496
,,,0.000000323,0.0488
,,,0.000000324,0.0496
,,,0.000000325,0.0488
,,,0.000000326,0.0488
,,,0.000000327,0.0488
,,,0.000000328,0.048
,,,0.000000329,0.0488
,,,0.00000033,0.048
,,,0.000000331,0.0488
,,,0.000000332,0.048
,,,0.000000333,0.048
,,,0.000000334,0.048
,,,0.000000335,0.0472
,,,0.000000336,0.0472
,,,0.000000337,0.0472
,,,0.000000338,0.048
,,,0.000000339,0.048
,,,0.00000034,0.0488
,,,0.000000341,0.0472
,,,0.000000342,0.048
,,,0.000000343,0.0472
,,,0.000000344,0.048
,,,0.000000345,0.048
,,,0.000000346,0.0472
,,,0.000000347,0.0472
,,,0.000000348,0.0472
,,,0.000000349,0.0472
,,,0.00000035,0.0472
,,,0.000000351,0.0464
,,,0.000000352,0.0464
,,,0.000000353,0.0456
,,,0.000000354,0.0472
,,,0.000000355,0.0456
,,,0.000000356,0.0456
,,,0.000000357,0.0472
,,,0.000000358,0.0464
,,,0.000000359,0.0464
,,,0.00000036,0.0456
,,,0.000000361,0.0456
,,,0.000000362,0.0456
,,,0.000000363,0.0456
,,,0.000000364,0.0464
,,,0.000000365,0.0456
,,,0.000000366,0.0456
,,,0.000000367,0.0448
,,,0.000000368,0.0448
,,,0.000000369,0.0448
,,,0.00000037,0.0448
,,,0.000000371,0.044
,,,0.000000372,0.0448
,,,0.000000373,0.044
,,,0.000000374,0.0448
,,,0.000000375,0.044
,,,0.000000376,0.0432
,,,0.000000377,0.0448
,,,0.000000378,0.0448
,,,0.000000379,0.044
,,,0.00000038,0.044
,,,0.000000381,0.044
,,,0.000000382,0.0448
,,,0.000000383,0.0432
,,,0.000000384,0.044
,,,0.000000385,0.044
,,,0.000000386,0.044
,,,0.000000387,0.0432
,,,0.000000388,0.0432
,,,0.000000389,0.0424
,,,0.00000039,0.044
,,,0.000000391,0.0424
,,,0.000000392,0.0424
,,,0.000000393,0.0416
,,,0.000000394,0.0424
,,,0.000000395,0.0424
,,,0.000000396,0.0424
,,,0.000000397,0.0424
,,,0.000000398,0.0424
,,,0.000000399,0.0416
,,,0.0000004,0.0424
,,,0.000000401,0.0424
,,,0.000000402,0.0416
,,,0.000000403,0.0416
,,,0.000000404,0.0424
,,,0.000000405,0.0432
,,,0.000000406,0.0424
,,,0.000000407,0.0424
,,,0.000000408,0.0424
,,,0.000000409,0.0432
,,,0.00000041,0.0424
,,,0.000000411,0.0432
,,,0.000000412,0.0432
,,,0.000000413,0.0424
,,,0.000000414,0.0424
,,,0.000000415,0.0416
,,,0.000000416,0.0424
,,,0.000000417,0.0416
,,,0.000000418,0.0416
,,,0.000000419,0.0416
,,,0.00000042,0.0416
,,,0.000000421,0.0408
,,,0.000000422,0.0408
,,,0.000000423,0.04
,,,0.000000424,0.0408
,,,0.000000425,0.0408
,,,0.000000426,0.0408
,,,0.000000427,0.04
,,,0.000000428,0.04
,,,0.000000429,0.04
,,,0.00000043,0.0408
,,,0.000000431,0.0408
,,,0.000000432,0.04
,,,0.000000433,0.04
,,,0.000000434,0.0392
,,,0.000000435,0.0392
,,,0.000000436,0.0392
,,,0.000000437,0.04
,,,0.000000438,0.0392
,,,0.000000439,0.0392
,,,0.00000044,0.0392
,,,0.000000441,0.0384
,,,0.000000442,0.0376
,,,0.000000443,0.0384
,,,0.000000444,0.0376
,,,0.000000445,0.0384
,,,0.000000446,0.0392
,,,0.000000447,0.0384
,,,0.000000448,0.0384
,,,0.000000449,0.0384
,,,0.00000045,0.0384
,,,0.000000451,0.0384
,,,0.000000452,0.0384
,,,0.000000453,0.0392
,,,0.000000454,0.0384
,,,0.000000455,0.0384
,,,0.000000456,0.0392
,,,0.000000457,0.0392
,,,0.000000458,0.0392
,,,0.000000459,0.0392
,,,0.00000046,0.0392
,,,0.000000461,0.0384
,,,0.000000462,0.0384
,,,0.000000463,0.0392
,,,0.000000464,0.0384
,,,0.000000465,0.0384
,,,0.000000466,0.0384
,,,0.000000467,0.0376
,,,0.000000468,0.0384
,,,0.000000469,0.0384
,,,0.00000047,0.0376
,,,0.000000471,0.0376
,,,0.000000472,0.0384
,,,0.000000473,0.0368
,,,0.000000474,0.0368
,,,0.000000475,0.0384
,,,0.000000476,0.0368
,,,0.000000477,0.0376
,,,0.000000478,0.0376
,,,0.000000479,0.0368
,,,0.00000048,0.0368
,,,0.000000481,0.0376
,,,0.000000482,0.0368
,,,0.000000483,0.0384
,,,0.000000484,0.0368
,,,0.000000485,0.0376
,,,0.000000486,0.036
,,,0.000000487,0.0376
,,,0.000000488,0.0376
,,,0.000000489,0.0368
,,,0.00000049,0.036
,,,0.000000491,0.0368
,,,0.000000492,0.036
,,,0.000000493,0.036
,,,0.000000494,0.0368
,,,0.000000495,0.0352
,,,0.000000496,0.0352
,,,0.000000497,0.0352
,,,0.000000498,0.036
,,,0.000000499,0.0352
,,,0.0000005,0.0352
,,,0.000000501,0.0352
,,,0.000000502,0.0352
,,,0.000000503,0.0352
,,,0.000000504,0.0352
,,,0.000000505,0.0352
,,,0.000000506,0.0344
,,,0.000000507,0.0344
,,,0.000000508,0.0352
,,,0.000000509,0.0344
,,,0.00000051,0.0344
,,,0.000000511,0.0344
,,,0.000000512,0.0336
,,,0.000000513,0.0336
,,,0.000000514,0.0328
,,,0.000000515,0.032
,,,0.000000516,0.0328
,,,0.000000517,0.0328
,,,0.000000518,0.0336
,,,0.000000519,0.0328
,,,0.00000052,0.0328
,,,0.000000521,0.0344
,,,0.000000522,0.0328
,,,0.000000523,0.032
,,,0.000000524,0.0328
,,,0.000000525,0.0328
,,,0.000000526,0.032
,,,0.000000527,0.032
,,,0.000000528,0.0328
,,,0.000000529,0.0328
,,,0.00000053,0.032
,,,0.000000531,0.0328
,,,0.000000532,0.032
,,,0.000000533,0.0328
,,,0.000000534,0.0328
,,,0.000000535,0.032
,,,0.000000536,0.0328
,,,0.000000537,0.0336
,,,0.000000538,0.0328
,,,0.000000539,0.0312
,,,0.00000054,0.032
,,,0.000000541,0.0312
,,,0.000000542,0.0312
,,,0.000000543,0.032
,,,0.000000544,0.032
,,,0.000000545,0.032
,,,0.000000546,0.0304
,,,0.000000547,0.0312
,,,0.000000548,0.0312
,,,0.000000549,0.032
,,,0.00000055,0.0312
,,,0.000000551,0.032
,,,0.000000552,0.032
,,,0.000000553,0.0312
,,,0.000000554,0.0312
,,,0.000000555,0.0312
,,,0.000000556,0.0312
,,,0.000000557,0.0312
,,,0.000000558,0.0312
,,,0.000000559,0.032
,,,0.00000056,0.0304
,,,0.000000561,0.032
,,,0.000000562,0.0312
,,,0.000000563,0.032
,,,0.000000564,0.0312
,,,0.000000565,0.0312
,,,0.000000566,0.0304
,,,0.000000567,0.0312
,,,0.000000568,0.0304
,,,0.000000569,0.0304
,,,0.00000057,0.0304
,,,0.000000571,0.0304
,,,0.000000572,0.0304
,,,0.000000573,0.0304
,,,0.000000574,0.0304
,,,0.000000575,0.0304
,,,0.000000576,0.0312
,,,0.000000577,0.0312
,,,0.000000578,0.0304
,,,0.000000579,0.0296
,,,0.00000058,0.0304
,,,0.000000581,0.0304
,,,0.000000582,0.0312
,,,0.000000583,0.0304
,,,0.000000584,0.0312
,,,0.000000585,0.0304
,,,0.000000586,0.0304
,,,0.000000587,0.0296
,,,0.000000588,0.0288
,,,0.000000589,0.0296
,,,0.00000059,0.0296
,,,0.000000591,0.0288
,,,0.000000592,0.0288
,,,0.000000593,0.0296
,,,0.000000594,0.0296
,,,0.000000595,0.0296
,,,0.000000596,0.0296
,,,0.000000597,0.0296
,,,0.000000598,0.0288
,,,0.000000599,0.0288
,,,0.0000006,0.028
,,,0.000000601,0.0288
,,,0.000000602,0.0288
,,,0.000000603,0.0296
,,,0.000000604,0.0296
,,,0.000000605,0.0288
,,,0.000000606,0.0296
,,,0.000000607,0.0296
,,,0.000000608,0.0296
,,,0.000000609,0.0296
,,,0.00000061,0.0296
,,,0.000000611,0.0288
,,,0.000000612,0.0288
,,,0.000000613,0.028
,,,0.000000614,0.0288
,,,0.000000615,0.0288
,,,0.000000616,0.0288
,,,0.000000617,0.0296
,,,0.000000618,0.0288
,,,0.000000619,0.0288
,,,0.00000062,0.0288
,,,0.000000621,0.0296
,,,0.000000622,0.0288
,,,0.000000623,0.0288
,,,0.000000624,0.0288
,,,0.000000625,0.0288
,,,0.000000626,0.028
,,,0.000000627,0.0296
,,,0.000000628,0.0288
,,,0.000000629,0.0288
,,,0.00000063,0.0296
,,,0.000000631,0.0296
,,,0.000000632,0.0296
,,,0.000000633,0.028
,,,0.000000634,0.0296
,,,0.000000635,0.0288
,,,0.000000636,0.0304
,,,0.000000637,0.0296
,,,0.000000638,0.028
,,,0.000000639,0.028
,,,0.00000064,0.0288
,,,0.000000641,0.028
,,,0.000000642,0.028
,,,0.000000643,0.0272
,,,0.000000644,0.0288
,,,0.000000645,0.0272
,,,0.000000646,0.0288
,,,0.000000647,0.028
,,,0.000000648,0.0288
,,,0.000000649,0.028
,,,0.00000065,0.0288
,,,0.000000651,0.0288
,,,0.000000652,0.0288
,,,0.000000653,0.028
,,,0.000000654,0.0288
,,,0.000000655,0.0272
,,,0.000000656,0.028
,,,0.000000657,0.0272
,,,0.000000658,0.028
,,,0.000000659,0.0272
,,,0.00000066,0.0264
,,,0.000000661,0.028
,,,0.000000662,0.0264
,,,0.000000663,0.0264
,,,0.000000664,0.0256
,,,0.000000665,0.0256
,,,0.000000666,0.0264
,,,0.000000667,0.0256
,,,0.000000668,0.0248
,,,0.000000669,0.0248
,,,0.00000067,0.0256
,,,0.000000671,0.0256
,,,0.000000672,0.0248
,,,0.000000673,0.0248
,,,0.000000674,0.0256
,,,0.000000675,0.0256
,,,0.000000676,0.0256
,,,0.000000677,0.0256
,,,0.000000678,0.0256
,,,0.000000679,0.0256
,,,0.00000068,0.0248
,,,0.000000681,0.0264
,,,0.000000682,0.0264
,,,0.000000683,0.0272
,,,0.000000684,0.0256
,,,0.000000685,0.0264
,,,0.000000686,0.0272
,,,0.000000687,0.0264
,,,0.000000688,0.0272
,,,0.000000689,0.0264
,,,0.00000069,0.0272
,,,0.000000691,0.0264
,,,0.000000692,0.0264
,,,0.000000693,0.0264
,,,0.000000694,0.0264
,,,0.000000695,0.0264
,,,0.000000696,0.0256
,,,0.000000697,0.0248
,,,0.000000698,0.0256
,,,0.000000699,0.024
,,,0.0000007,0.0256
,,,0.000000701,0.0256
,,,0.000000702,0.0264
,,,0.000000703,0.0256
,,,0.000000704,0.0264
,,,0.000000705,0.0264
,,,0.000000706,0.0272
,,,0.000000707,0.0264
,,,0.000000708,0.0272
,,,0.000000709,0.028
,,,0.00000071,0.0264
,,,0.000000711,0.0272
,,,0.000000712,0.0264
,,,0.000000713,0.0264
,,,0.000000714,0.0272
,,,0.000000715,0.0264
,,,0.000000716,0.0272
,,,0.000000717,0.0264
,,,0.000000718,0.0264
,,,0.000000719,0.0256
,,,0.00000072,0.0272
,,,0.000000721,0.0256
,,,0.000000722,0.024
,,,0.000000723,0.0264
,,,0.000000724,0.0256
,,,0.000000725,0.024
,,,0.000000726,0.0248
,,,0.000000727,0.0248
,,,0.000000728,0.024
,,,0.000000729,0.024
,,,0.00000073,0.0232
,,,0.000000731,0.0232
,,,0.000000732,0.0232
,,,0.000000733,0.024
,,,0.000000734,0.024
,,,0.000000735,0.024
,,,0.000000736,0.024
,,,0.000000737,0.0232
,,,0.000000738,0.0232
,,,0.000000739,0.0232
,,,0.00000074,0.0232
,,,0.000000741,0.024
,,,0.000000742,0.024
,,,0.000000743,0.024
,,,0.000000744,0.024
,,,0.000000745,0.024
,,,0.000000746,0.024
,,,0.000000747,0.0248
,,,0.000000748,0.024
,,,0.000000749,0.024
,,,0.00000075,0.0248
,,,0.000000751,0.0232
,,,0.000000752,0.0232
,,,0.000000753,0.024
,,,0.000000754,0.0232
,,,0.000000755,0.0232
,,,0.000000756,0.024
,,,0.000000757,0.0232
,,,0.000000758,0.0216
,,,0.000000759,0.0224
,,,0.00000076,0.0232
,,,0.000000761,0.0224
,,,0.000000762,0.0224
,,,0.000000763,0.0224
,,,0.000000764,0.0216
,,,0.000000765,0.0224
,,,0.000000766,0.0224
,,,0.000000767,0.0232
,,,0.000000768,0.0232
,,,0.000000769,0.0224
,,,0.00000077,0.0232
,,,0.000000771,0.0224
,,,0.000000772,0.0232
,,,0.000000773,0.0232
,,,0.000000774,0.0232
,,,0.000000775,0.0232
,,,0.000000776,0.0232
,,,0.000000777,0.024
,,,0.000000778,0.024
,,,0.000000779,0.0224
,,,0.00000078,0.0232
,,,0.000000781,0.0232
,,,0.000000782,0.0224
,,,0.000000783,0.0224
,,,0.000000784,0.0232
,,,0.000000785,0.0224
,,,0.000000786,0.0224
,,,0.000000787,0.0224
,,,0.000000788,0.0216
,,,0.000000789,0.0224
,,,0.00000079,0.0224
,,,0.000000791,0.0224
,,,0.000000792,0.0224
,,,0.000000793,0.0232
,,,0.000000794,0.0224
,,,0.000000795,0.0224
,,,0.000000796,0.0224
,,,0.000000797,0.0216
,,,0.000000798,0.0216
,,,0.000000799,0.0216
,,,0.0000008,0.0216
,,,0.000000801,0.0224
,,,0.000000802,0.0224
,,,0.000000803,0.0216
,,,0.000000804,0.0208
,,,0.000000805,0.0216
,,,0.000000806,0.0208
,,,0.000000807,0.0208
,,,0.000000808,0.0216
,,,0.000000809,0.0208
,,,0.00000081,0.0208
,,,0.000000811,0.02
,,,0.000000812,0.0192
,,,0.000000813,0.02
,,,0.000000814,0.0208
,,,0.000000815,0.02
,,,0.000000816,0.0192
,,,0.000000817,0.0192
,,,0.000000818,0.02
,,,0.000000819,0.02
,,,0.00000082,0.0192
,,,0.000000821,0.0184
,,,0.000000822,0.0184
,,,0.000000823,0.0184
,,,0.000000824,0.0184
,,,0.000000825,0.0192
,,,0.000000826,0.0192
,,,0.000000827,0.0192
,,,0.000000828,0.0192
,,,0.000000829,0.0184
,,,0.00000083,0.0192
,,,0.000000831,0.0184
,,,0.000000832,0.02
,,,0.000000833,0.0192
,,,0.000000834,0.02
,,,0.000000835,0.02
,,,0.000000836,0.02
,,,0.000000837,0.02
,,,0.000000838,0.0184
,,,0.000000839,0.02
,,,0.00000084,0.0208
,,,0.000000841,0.0184
,,,0.000000842,0.0192
,,,0.000000843,0.0184
,,,0.000000844,0.0184
,,,0.000000845,0.0192
,,,0.000000846,0.0184
,,,0.000000847,0.0184
,,,0.000000848,0.0176
,,,0.000000849,0.0184
,,,0.00000085,0.0184
,,,0.000000851,0.0184
,,,0.000000852,0.02
,,,0.000000853,0.0184
,,,0.000000854,0.0192
,,,0.000000855,0.0192
,,,0.000000856,0.0192
,,,0.000000857,0.0184
,,,0.000000858,0.0192
,,,0.000000859,0.0192
,,,0.00000086,0.0192
,,,0.000000861,0.0192
,,,0.000000862,0.0184
,,,0.000000863,0.0184
,,,0.000000864,0.0184
,,,0.000000865,0.0184
,,,0.000000866,0.0184
,,,0.000000867,0.0192
,,,0.000000868,0.0184
,,,0.000000869,0.0184
,,,0.00000087,0.0184
,,,0.000000871,0.0184
,,,0.000000872,0.0184
,,,0.000000873,0.0184
,,,0.000000874,0.0184
,,,0.000000875,0.0192
,,,0.000000876,0.0176
,,,0.000000877,0.0192
,,,0.000000878,0.0184
,,,0.000000879,0.0184
,,,0.00000088,0.0184
,,,0.000000881,0.0184
,,,0.000000882,0.0176
,,,0.000000883,0.0176
,,,0.000000884,0.0184
,,,0.000000885,0.0168
,,,0.000000886,0.0184
,,,0.000000887,0.0184
,,,0.000000888,0.0176
,,,0.000000889,0.0176
,,,0.00000089,0.0176
,,,0.000000891,0.0176
,,,0.000000892,0.0176
,,,0.000000893,0.0184
,,,0.000000894,0.0176
,,,0.000000895,0.0176
,,,0.000000896,0.0176
,,,0.000000897,0.016
,,,0.000000898,0.0168
,,,0.000000899,0.0168
,,,0.0000009,0.0176
,,,0.000000901,0.0184
,,,0.000000902,0.0176
,,,0.000000903,0.016
,,,0.000000904,0.0176
,,,0.000000905,0.0176
,,,0.000000906,0.0184
,,,0.000000907,0.0184
,,,0.000000908,0.0176
,,,0.000000909,0.0184
,,,0.00000091,0.0176
,,,0.000000911,0.0168
,,,0.000000912,0.0168
,,,0.000000913,0.0168
,,,0.000000914,0.0176
,,,0.000000915,0.0176
,,,0.000000916,0.0176
,,,0.000000917,0.0176
,,,0.000000918,0.0168
,,,0.000000919,0.0176
,,,0.00000092,0.0176
,,,0.000000921,0.0176
,,,0.000000922,0.0168
,,,0.000000923,0.0176
,,,0.000000924,0.0176
,,,0.000000925,0.0176
,,,0.000000926,0.0176
,,,0.000000927,0.0168
,,,0.000000928,0.0176
,,,0.000000929,0.0168
,,,0.00000093,0.0168
,,,0.000000931,0.0168
,,,0.000000932,0.0184
,,,0.000000933,0.0176
,,,0.000000934,0.0176
,,,0.000000935,0.0168
,,,0.000000936,0.0168
,,,0.000000937,0.0152
,,,0.000000938,0.0168
,,,0.000000939,0.0168
,,,0.00000094,0.016
,,,0.000000941,0.0168
,,,0.000000942,0.016
,,,0.000000943,0.016
,,,0.000000944,0.0168
,,,0.000000945,0.0168
,,,0.000000946,0.016
,,,0.000000947,0.016
,,,0.000000948,0.0176
,,,0.000000949,0.016
,,,0.00000095,0.016
,,,0.000000951,0.0168
,,,0.000000952,0.0168
,,,0.000000953,0.0176
,,,0.000000954,0.0176
,,,0.000000955,0.0176
,,,0.000000956,0.0168
,,,0.000000957,0.0168
,,,0.000000958,0.0176
,,,0.000000959,0.0168
,,,0.00000096,0.0168
,,,0.000000961,0.016
,,,0.000000962,0.0152
,,,0.000000963,0.016
,,,0.000000964,0.0152
,,,0.000000965,0.0152
,,,0.000000966,0.016
,,,0.000000967,0.016
,,,0.000000968,0.016
,,,0.000000969,0.016
,,,0.00000097,0.016
,,,0.000000971,0.0152
,,,0.000000972,0.0168
,,,0.000000973,0.016
,,,0.000000974,0.016
,,,0.000000975,0.016
,,,0.000000976,0.0168
,,,0.000000977,0.016
,,,0.000000978,0.0152
,,,0.000000979,0.016
,,,0.00000098,0.016
,,,0.000000981,0.0136
,,,0.000000982,0.0152
,,,0.000000983,0.016
,,,0.000000984,0.0152
,,,0.000000985,0.0152
,,,0.000000986,0.0152
,,,0.000000987,0.0144
,,,0.000000988,0.0152
,,,0.000000989,0.0152
,,,0.00000099,0.0144
,,,0.000000991,0.0144
,,,0.000000992,0.0152
,,,0.000000993,0.0136
,,,0.000000994,0.0144
,,,0.000000995,0.0144
,,,0.000000996,0.0136
,,,0.000000997,0.0144
,,,0.000000998,0.0152
,,,0.000000999,0.0152
,,,0.000001,0.0152
,,,0.000001001,0.0152
,,,0.000001002,0.0144
,,,0.000001003,0.0152
,,,0.000001004,0.0152
,,,0.000001005,0.0152
,,,0.000001006,0.016
,,,0.000001007,0.016
,,,0.000001008,0.0152
,,,0.000001009,0.0144
,,,0.00000101,0.0144
,,,0.000001011,0.0152
,,,0.000001012,0.016
,,,0.000001013,0.0168
,,,0.000001014,0.0168
,,,0.000001015,0.016
,,,0.000001016,0.016
,,,0.000001017,0.0168
,,,0.000001018,0.0168
,,,0.000001019,0.0168
,,,0.00000102,0.0168
,,,0.000001021,0.0168
,,,0.000001022,0.0168
,,,0.000001023,0.0176
,,,0.000001024,0.0176
,,,0.000001025,0.0168
,,,0.000001026,0.0168
,,,0.000001027,0.0176
,,,0.000001028,0.0168
,,,0.000001029,0.0168
,,,0.00000103,0.0168
,,,0.000001031,0.0168
,,,0.000001032,0.0168
,,,0.000001033,0.0168
,,,0.000001034,0.016
,,,0.000001035,0.016
,,,0.000001036,0.0152
,,,0.000001037,0.0168
,,,0.000001038,0.016
,,,0.000001039,0.0152
,,,0.00000104,0.0152
,,,0.000001041,0.0152
,,,0.000001042,0.0152
,,,0.000001043,0.0144
,,,0.000001044,0.0152
,,,0.000001045,0.0144
,,,0.000001046,0.0144
,,,0.000001047,0.016
,,,0.000001048,0.0144
,,,0.000001049,0.0152
,,,0.00000105,0.0152
,,,0.000001051,0.0152
,,,0.000001052,0.0152
,,,0.000001053,0.0152
,,,0.000001054,0.0144
,,,0.000001055,0.0136
,,,0.000001056,0.0144
,,,0.000001057,0.0144
,,,0.000001058,0.0144
,,,0.000001059,0.0144
,,,0.00000106,0.0144
,,,0.000001061,0.0136
,,,0.000001062,0.0144
,,,0.000001063,0.0144
,,,0.000001064,0.0136
,,,0.000001065,0.0136
,,,0.000001066,0.0128
,,,0.000001067,0.0136
,,,0.000001068,0.0128
,,,0.000001069,0.0136
,,,0.00000107,0.0136
,,,0.000001071,0.0136
,,,0.000001072,0.0144
,,,0.000001073,0.0136
,,,0.000001074,0.0136
,,,0.000001075,0.0144
,,,0.000001076,0.0144
,,,0.000001077,0.0144
,,,0.000001078,0.0136
,,,0.000001079,0.0136
,,,0.00000108,0.0128
,,,0.000001081,0.0128
,,,0.000001082,0.0128
,,,0.000001083,0.0136
,,,0.000001084,0.0128
,,,0.000001085,0.0136
,,,0.000001086,0.0128
,,,0.000001087,0.0128
,,,0.000001088,0.0128
,,,0.000001089,0.012
,,,0.00000109,0.012
,,,0.000001091,0.0128
,,,0.000001092,0.012
,,,0.000001093,0.012
,,,0.000001094,0.012
,,,0.000001095,0.012
,,,0.000001096,0.0128
,,,0.000001097,0.0128
,,,0.000001098,0.0136
,,,0.000001099,0.0128
,,,0.0000011,0.0128
,,,0.000001101,0.012
,,,0.000001102,0.0128
,,,0.000001103,0.0128
,,,0.000001104,0.0128
,,,0.000001105,0.0136
,,,0.000001106,0.0128
,,,0.000001107,0.0128
,,,0.000001108,0.0128
,,,0.000001109,0.012
,,,0.00000111,0.0128
,,,0.000001111,0.012
,,,0.000001112,0.0128
,,,0.000001113,0.012
,,,0.000001114,0.0128
,,,0.000001115,0.0128
,,,0.000001116,0.0128
,,,0.000001117,0.0128
,,,0.000001118,0.012
,,,0.000001119,0.012
,,,0.00000112,0.012
,,,0.000001121,0.0128
,,,0.000001122,0.012
,,,0.000001123,0.012
,,,0.000001124,0.0128
,,,0.000001125,0.0128
,,,0.000001126,0.012
,,,0.000001127,0.012
,,,0.000001128,0.0128
,,,0.000001129,0.0128
,,,0.00000113,0.0128
,,,0.000001131,0.0128
,,,0.000001132,0.0128
,,,0.000001133,0.0128
,,,0.000001134,0.0128
,,,0.000001135,0.0128
,,,0.000001136,0.0112
,,,0.000001137,0.012
,,,0.000001138,0.012
,,,0.000001139,0.0128
,,,0.00000114,0.0112
,,,0.000001141,0.0128
,,,0.000001142,0.0128
,,,0.000001143,0.012
,,,0.000001144,0.0128
,,,0.000001145,0.0112
,,,0.000001146,0.012
,,,0.000001147,0.012
,,,0.000001148,0.012
,,,0.000001149,0.0128
,,,0.00000115,0.0128
,,,0.000001151,0.012
,,,0.000001152,0.012
,,,0.000001153,0.012
,,,0.000001154,0.0128
,,,0.000001155,0.012
,,,0.000001156,0.0136
,,,0.000001157,0.0136
,,,0.000001158,0.0128
,,,0.000001159,0.0136
,,,0.00000116,0.0128
,,,0.000001161,0.0136
,,,0.000001162,0.0136
,,,0.000001163,0.0128
,,,0.000001164,0.0136
,,,0.000001165,0.0128
,,,0.000001166,0.0128
,,,0.000001167,0.0136
,,,0.000001168,0.0128
,,,0.000001169,0.0128
,,,0.00000117,0.0128
,,,0.000001171,0.0136
,,,0.000001172,0.0128
,,,0.000001173,0.012
,,,0.000001174,0.0128
,,,0.000001175,0.0128
,,,0.000001176,0.0128
,,,0.000001177,0.0128
,,,0.000001178,0.0136
,,,0.000001179,0.012
,,,0.00000118,0.0128
,,,0.000001181,0.0128
,,,0.000001182,0.012
,,,0.000001183,0.0128
,,,0.000001184,0.012
,,,0.000001185,0.0128
,,,0.000001186,0.0112
,,,0.000001187,0.0112
,,,0.000001188,0.0112
,,,0.000001189,0.012
,,,0.00000119,0.0128
,,,0.000001191,0.012
,,,0.000001192,0.012
,,,0.000001193,0.0128
,,,0.000001194,0.012
,,,0.000001195,0.0128
,,,0.000001196,0.0136
,,,0.000001197,0.0136
,,,0.000001198,0.0128
,,,0.000001199,0.0128
,,,0.0000012,0.0128
,,,0.000001201,0.0136
,,,0.000001202,0.0128
,,,0.000001203,0.0128
,,,0.000001204,0.0128
,,,0.000001205,0.0136
,,,0.000001206,0.0136
,,,0.000001207,0.0128
,,,0.000001208,0.0136
,,,0.000001209,0.0136
,,,0.00000121,0.0136
,,,0.000001211,0.0128
,,,0.000001212,0.0128
,,,0.000001213,0.0136
,,,0.000001214,0.0136
,,,0.000001215,0.0136
,,,0.000001216,0.0136
,,,0.000001217,0.0128
,,,0.000001218,0.0136
,,,0.000001219,0.0128
,,,0.00000122,0.0128
,,,0.000001221,0.0128
,,,0.000001222,0.0136
,,,0.000001223,0.0136
,,,0.000001224,0.012
,,,0.000001225,0.0128
,,,0.000001226,0.012
,,,0.000001227,0.0136
,,,0.000001228,0.0128
,,,0.000001229,0.0136
,,,0.00000123,0.012
,,,0.000001231,0.0136
,,,0.000001232,0.0128
,,,0.000001233,0.012
,,,0.000001234,0.0112
,,,0.000001235,0.012
,,,0.000001236,0.012
,,,0.000001237,0.0112
,,,0.000001238,0.012
,,,0.000001239,0.0112
,,,0.00000124,0.012
,,,0.000001241,0.012
,,,0.000001242,0.012
,,,0.000001243,0.012
,,,0.000001244,0.012
,,,0.000001245,0.0128
,,,0.000001246,0.0112
,,,0.000001247,0.012
,,,0.000001248,0.0136
,,,0.000001249,0.012
,,,0.00000125,0.0136
,,,0.000001251,0.0128
,,,0.000001252,0.0128
,,,0.000001253,0.012
,,,0.000001254,0.0136
,,,0.000001255,0.0136
,,,0.000001256,0.0136
,,,0.000001257,0.0128
,,,0.000001258,0.012
,,,0.000001259,0.0112
,,,0.00000126,0.012
,,,0.000001261,0.0112
,,,0.000001262,0.012
,,,0.000001263,0.0104
,,,0.000001264,0.0112
,,,0.000001265,0.0112
,,,0.000001266,0.0112
,,,0.000001267,0.0112
,,,0.000001268,0.0104
,,,0.000001269,0.0104
,,,0.00000127,0.0112
,,,0.000001271,0.0112
,,,0.000001272,0.0104
,,,0.000001273,0.0128
,,,0.000001274,0.0112
,,,0.000001275,0.012
,,,0.000001276,0.012
,,,0.000001277,0.012
,,,0.000001278,0.0104
,,,0.000001279,0.0112
,,,0.00000128,0.0112
,,,0.000001281,0.0112
,,,0.000001282,0.0112
,,,0.000001283,0.0112
,,,0.000001284,0.0112
,,,0.000001285,0.0112
,,,0.000001286,0.012
,,,0.000001287,0.0104
,,,0.000001288,0.0112
,,,0.000001289,0.012
,,,0.00000129,0.0112
,,,0.000001291,0.0104
,,,0.000001292,0.012
,,,0.000001293,0.0104
,,,0.000001294,0.0112
,,,0.000001295,0.012
,,,0.000001296,0.0112
,,,0.000001297,0.0104
,,,0.000001298,0.0112
,,,0.000001299,0.0112
,,,0.0000013,0.0112
,,,0.000001301,0.0112
,,,0.000001302,0.012
,,,0.000001303,0.0112
,,,0.000001304,0.0112
,,,0.000001305,0.0104
,,,0.000001306,0.0104
,,,0.000001307,0.0104
,,,0.000001308,0.0104
,,,0.000001309,0.0104
,,,0.00000131,0.0104
,,,0.000001311,0.0112
,,,0.000001312,0.0112
,,,0.000001313,0.0112
,,,0.000001314,0.0112
,,,0.000001315,0.0112
,,,0.000001316,0.0104
,,,0.000001317,0.0112
,,,0.000001318,0.0104
,,,0.000001319,0.0096
,,,0.00000132,0.0104
,,,0.000001321,0.0104
,,,0.000001322,0.0104
,,,0.000001323,0.0096
,,,0.000001324,0.0096
,,,0.000001325,0.0096
,,,0.000001326,0.0096
,,,0.000001327,0.0096
,,,0.000001328,0.0104
,,,0.000001329,0.0104
,,,0.00000133,0.0096
,,,0.000001331,0.0088
,,,0.000001332,0.0104
,,,0.000001333,0.0096
,,,0.000001334,0.0096
,,,0.000001335,0.0104
,,,0.000001336,0.0112
,,,0.000001337,0.0112
,,,0.000001338,0.0112
,,,0.000001339,0.0112
,,,0.00000134,0.0112
,,,0.000001341,0.0112
,,,0.000001342,0.0112
,,,0.000001343,0.0112
,,,0.000001344,0.012
,,,0.000001345,0.0104
,,,0.000001346,0.0112
,,,0.000001347,0.0112
,,,0.000001348,0.0112
,,,0.000001349,0.0112
,,,0.00000135,0.0104
,,,0.000001351,0.0112
,,,0.000001352,0.0104
,,,0.000001353,0.0104
,,,0.000001354,0.0112
,,,0.000001355,0.0112
,,,0.000001356,0.0104
,,,0.000001357,0.0104
,,,0.000001358,0.0088
,,,0.000001359,0.0104
,,,0.00000136,0.0096
,,,0.000001361,0.0096
,,,0.000001362,0.0096
,,,0.000001363,0.0096
,,,0.000001364,0.0096
,,,0.000001365,0.0104
,,,0.000001366,0.0096
,,,0.000001367,0.0096
,,,0.000001368,0.0088
,,,0.000001369,0.0096
,,,0.00000137,0.0104
,,,0.000001371,0.0104
,,,0.000001372,0.0104
,,,0.000001373,0.0096
,,,0.000001374,0.0104
,,,0.000001375,0.0104
,,,0.000001376,0.0112
,,,0.000001377,0.0104
,,,0.000001378,0.0112
,,,0.000001379,0.0112
,,,0.00000138,0.0104
,,,0.000001381,0.0112
,,,0.000001382,0.0096
,,,0.000001383,0.0104
,,,0.000001384,0.0104
,,,0.000001385,0.0096
,,,0.000001386,0.0096
,,,0.000001387,0.0104
,,,0.000001388,0.0104
,,,0.000001389,0.0096
,,,0.00000139,0.0088
,,,0.000001391,0.0088
,,,0.000001392,0.008
,,,0.000001393,0.0088
,,,0.000001394,0.0088
,,,0.000001395,0.0088
,,,0.000001396,0.0088
,,,0.000001397,0.008
,,,0.000001398,0.008
,,,0.000001399,0.0088
,,,0.0000014,0.008
,,,0.000001401,0.008
,,,0.000001402,0.0096
,,,0.000001403,0.0088
,,,0.000001404,0.0088
,,,0.000001405,0.0096
,,,0.000001406,0.0096
,,,0.000001407,0.0088
,,,0.000001408,0.0096
,,,0.000001409,0.0096
,,,0.00000141,0.0088
,,,0.000001411,0.0096
,,,0.000001412,0.0096
,,,0.000001413,0.0096
,,,0.000001414,0.0096
,,,0.000001415,0.0088
,,,0.000001416,0.0096
,,,0.000001417,0.0096
,,,0.000001418,0.0096
,,,0.000001419,0.0096
,,,0.00000142,0.0096
,,,0.000001421,0.0104
,,,0.000001422,0.0096
,,,0.000001423,0.0088
,,,0.000001424,0.0096
,,,0.000001425,0.0096
,,,0.000001426,0.0096
,,,0.000001427,0.0104
,,,0.000001428,0.0104
,,,0.000001429,0.0104
,,,0.00000143,0.0104
,,,0.000001431,0.0104
,,,0.000001432,0.0104
,,,0.000001433,0.0104
,,,0.000001434,0.0104
,,,0.000001435,0.0096
,,,0.000001436,0.0112
,,,0.000001437,0.0104
,,,0.000001438,0.0104
,,,0.000001439,0.0104
,,,0.00000144,0.0104
,,,0.000001441,0.0096
,,,0.000001442,0.0104
,,,0.000001443,0.0104
,,,0.000001444,0.0096
,,,0.000001445,0.0104
,,,0.000001446,0.0104
,,,0.000001447,0.0096
,,,0.000001448,0.0112
,,,0.000001449,0.0088
,,,0.00000145,0.0096
,,,0.000001451,0.0096
,,,0.000001452,0.0104
,,,0.000001453,0.0088
,,,0.000001454,0.0096
,,,0.000001455,0.0096
,,,0.000001456,0.0096
,,,0.000001457,0.0088
,,,0.000001458,0.0088
,,,0.000001459,0.008
,,,0.00000146,0.0096
,,,0.000001461,0.0088
,,,0.000001462,0.0088
,,,0.000001463,0.0088
,,,0.000001464,0.0088
,,,0.000001465,0.0096
,,,0.000001466,0.0096
,,,0.000001467,0.0096
,,,0.000001468,0.0096
,,,0.000001469,0.0088
,,,0.00000147,0.0096
,,,0.000001471,0.0104
,,,0.000001472,0.0088
,,,0.000001473,0.0096
,,,0.000001474,0.0096
,,,0.000001475,0.0104
,,,0.000001476,0.0088
,,,0.000001477,0.0088
,,,0.000001478,0.0096
,,,0.000001479,0.0096
,,,0.00000148,0.0096
,,,0.000001481,0.0096
,,,0.000001482,0.0096
,,,0.000001483,0.0104
,,,0.000001484,0.0096
,,,0.000001485,0.0088
,,,0.000001486,0.0096
,,,0.000001487,0.0104
,,,0.000001488,0.0088
,,,0.000001489,0.0088
,,,0.00000149,0.0096
,,,0.000001491,0.0096
,,,0.000001492,0.0096
,,,0.000001493,0.0088
,,,0.000001494,0.0096
,,,0.000001495,0.0096
,,,0.000001496,0.0088
,,,0.000001497,0.0088
,,,0.000001498,0.0088
,,,0.000001499,0.0088
,,,0.0000015,0.0088
,,,0.000001501,0.0096
,,,0.000001502,0.0096
,,,0.000001503,0.0088
,,,0.000001504,0.0088
,,,0.000001505,0.0088
,,,0.000001506,0.0088
,,,0.000001507,0.0088
,,,0.000001508,0.0088
,,,0.000001509,0.0088
,,,0.00000151,0.0088
,,,0.000001511,0.0088
,,,0.000001512,0.0088
,,,0.000001513,0.0088
,,,0.000001514,0.0088
,,,0.000001515,0.0088
,,,0.000001516,0.0088
,,,0.000001517,0.0096
,,,0.000001518,0.0088
,,,0.000001519,0.0104
,,,0.00000152,0.0104
,,,0.000001521,0.0104
,,,0.000001522,0.0104
,,,0.000001523,0.0104
,,,0.000001524,0.0104
,,,0.000001525,0.0112
,,,0.000001526,0.0112
,,,0.000001527,0.0112
,,,0.000001528,0.0112
,,,0.000001529,0.0104
,,,0.00000153,0.0112
,,,0.000001531,0.0112
,,,0.000001532,0.0104
,,,0.000001533,0.0112
,,,0.000001534,0.0112
,,,0.000001535,0.012
,,,0.000001536,0.0112
,,,0.000001537,0.0112
,,,0.000001538,0.0104
,,,0.000001539,0.0112
,,,0.00000154,0.0104
,,,0.000001541,0.0104
,,,0.000001542,0.0104
,,,0.000001543,0.0096
,,,0.000001544,0.0096
,,,0.000001545,0.0104
,,,0.000001546,0.0096
,,,0.000001547,0.0096
,,,0.000001548,0.0088
,,,0.000001549,0.0088
,,,0.00000155,0.0088
,,,0.000001551,0.0096
,,,0.000001552,0.008
,,,0.000001553,0.0088
,,,0.000001554,0.0088
,,,0.000001555,0.008
,,,0.000001556,0.008
,,,0.000001557,0.008
,,,0.000001558,0.0088
,,,0.000001559,0.0088
,,,0.00000156,0.0088
,,,0.000001561,0.0088
,,,0.000001562,0.0088
,,,0.000001563,0.0088
,,,0.000001564,0.0088
,,,0.000001565,0.008
,,,0.000001566,0.008
,,,0.000001567,0.0088
,,,0.000001568,0.0072
,,,0.000001569,0.008
,,,0.00000157,0.008
,,,0.000001571,0.0088
,,,0.000001572,0.0088
,,,0.000001573,0.0088
,,,0.000001574,0.0096
,,,0.000001575,0.008
,,,0.000001576,0.0088
,,,0.000001577,0.0088
,,,0.000001578,0.0088
,,,0.000001579,0.008
,,,0.00000158,0.008
,,,0.000001581,0.0088
,,,0.000001582,0.0088
,,,0.000001583,0.0088
,,,0.000001584,0.008
,,,0.000001585,0.008
,,,0.000001586,0.008
,,,0.000001587,0.0088
,,,0.000001588,0.008
,,,0.000001589,0.008
,,,0.00000159,0.0088
,,,0.000001591,0.008
,,,0.000001592,0.0088
,,,0.000001593,0.0088
,,,0.000001594,0.0088
,,,0.000001595,0.0088
,,,0.000001596,0.0088
,,,0.000001597,0.0088
,,,0.000001598,0.0088
,,,0.000001599,0.0088
,,,0.0000016,0.0088
,,,0.000001601,0.0088
,,,0.000001602,0.0088
,,,0.000001603,0.0088
,,,0.000001604,0.0088
,,,0.000001605,0.0088
,,,0.000001606,0.008
,,,0.000001607,0.008
,,,0.000001608,0.008
,,,0.000001609,0.008
,,,0.00000161,0.0088
,,,0.000001611,0.0088
,,,0.000001612,0.0088
,,,0.000001613,0.008
,,,0.000001614,0.008
,,,0.000001615,0.008
,,,0.000001616,0.0072
,,,0.000001617,0.008
,,,0.000001618,0.0088
,,,0.000001619,0.0088
,,,0.00000162,0.008
,,,0.000001621,0.0088
,,,0.000001622,0.0096
,,,0.000001623,0.0088
,,,0.000001624,0.0088
,,,0.000001625,0.0088
,,,0.000001626,0.0096
,,,0.000001627,0.0096
,,,0.000001628,0.008
,,,0.000001629,0.0088
,,,0.00000163,0.0072
,,,0.000001631,0.008
,,,0.000001632,0.008
,,,0.000001633,0.008
,,,0.000001634,0.0096
,,,0.000001635,0.008
,,,0.000001636,0.0088
,,,0.000001637,0.0088
,,,0.000001638,0.0088
,,,0.000001639,0.008
,,,0.00000164,0.008
,,,0.000001641,0.0088
,,,0.000001642,0.008
,,,0.000001643,0.008
,,,0.000001644,0.0088
,,,0.000001645,0.0088
,,,0.000001646,0.0096
,,,0.000001647,0.0088
,,,0.000001648,0.0088
,,,0.000001649,0.008
,,,0.00000165,0.0088
,,,0.000001651,0.0088
,,,0.000001652,0.0088
,,,0.000001653,0.008
,,,0.000001654,0.008
,,,0.000001655,0.008
,,,0.000001656,0.0088
,,,0.000001657,0.008
,,,0.000001658,0.008
,,,0.000001659,0.008
,,,0.00000166,0.008
,,,0.000001661,0.0088
,,,0.000001662,0.008
,,,0.000001663,0.0088
,,,0.000001664,0.0072
,,,0.000001665,0.008
,,,0.000001666,0.008
,,,0.000001667,0.0072
,,,0.000001668,0.0064
,,,0.000001669,0.008
,,,0.00000167,0.008
,,,0.000001671,0.0072
,,,0.000001672,0.0072
,,,0.000001673,0.0088
,,,0.000001674,0.008
,,,0.000001675,0.008
,,,0.000001676,0.008
,,,0.000001677,0.008
,,,0.000001678,0.0088
,,,0.000001679,0.008
,,,0.00000168,0.008
,,,0.000001681,0.0088
,,,0.000001682,0.0088
,,,0.000001683,0.008
,,,0.000001684,0.008
,,,0.000001685,0.008
,,,0.000001686,0.008
,,,0.000001687,0.0088
,,,0.000001688,0.008
,,,0.000001689,0.008
,,,0.00000169,0.008
,,,0.000001691,0.0088
,,,0.000001692,0.0088
,,,0.000001693,0.0088
,,,0.000001694,0.0088
,,,0.000001695,0.0088
,,,0.000001696,0.0096
,,,0.000001697,0.0088
,,,0.000001698,0.0088
,,,0.000001699,0.0096
,,,0.0000017,0.0096
,,,0.000001701,0.008
,,,0.000001702,0.008
,,,0.000001703,0.0088
,,,0.000001704,0.0096
,,,0.000001705,0.0096
,,,0.000001706,0.0096
,,,0.000001707,0.0088
,,,0.000001708,0.0088
,,,0.000001709,0.0096
,,,0.00000171,0.0096
,,,0.000001711,0.0096
,,,0.000001712,0.008
,,,0.000001713,0.0088
,,,0.000001714,0.0088
,,,0.000001715,0.0088
,,,0.000001716,0.008
,,,0.000001717,0.0088
,,,0.000001718,0.0088
,,,0.000001719,0.008
,,,0.00000172,0.008
,,,0.000001721,0.0088
,,,0.000001722,0.008
,,,0.000001723,0.0088
,,,0.000001724,0.0096
,,,0.000001725,0.0088
,,,0.000001726,0.0088
,,,0.000001727,0.008
,,,0.000001728,0.008
,,,0.000001729,0.0072
,,,0.00000173,0.008
,,,0.000001731,0.008
,,,0.000001732,0.008
,,,0.000001733,0.008
,,,0.000001734,0.0072
,,,0.000001735,0.008
,,,0.000001736,0.0088
,,,0.000001737,0.0088
,,,0.000001738,0.008
,,,0.000001739,0.008
,,,0.00000174,0.0088
,,,0.000001741,0.008
,,,0.000001742,0.0088
,,,0.000001743,0.0096
,,,0.000001744,0.0088
,,,0.000001745,0.0088
,,,0.000001746,0.0088
,,,0.000001747,0.0096
,,,0.000001748,0.008
,,,0.000001749,0.0088
,,,0.00000175,0.0088
,,,0.000001751,0.0096
,,,0.000001752,0.0088
,,,0.000001753,0.0088
,,,0.000001754,0.008
,,,0.000001755,0.0088
,,,0.000001756,0.008
,,,0.000001757,0.0072
,,,0.000001758,0.0088
,,,0.000001759,0.0072
,,,0.00000176,0.008
,,,0.000001761,0.0072
,,,0.000001762,0.0072
,,,0.000001763,0.008
,,,0.000001764,0.008
,,,0.000001765,0.008
,,,0.000001766,0.008
,,,0.000001767,0.0072
,,,0.000001768,0.008
,,,0.000001769,0.008
,,,0.00000177,0.0088
,,,0.000001771,0.008
,,,0.000001772,0.008
,,,0.000001773,0.0072
,,,0.000001774,0.008
,,,0.000001775,0.008
,,,0.000001776,0.0088
,,,0.000001777,0.008
,,,0.000001778,0.008
,,,0.000001779,0.0088
,,,0.00000178,0.0088
,,,0.000001781,0.0088
,,,0.000001782,0.0088
,,,0.000001783,0.0088
,,,0.000001784,0.0088
,,,0.000001785,0.0096
,,,0.000001786,0.0088
,,,0.000001787,0.008
,,,0.000001788,0.0096
,,,0.000001789,0.008
,,,0.00000179,0.0088
,,,0.000001791,0.0088
,,,0.000001792,0.008
,,,0.000001793,0.008
,,,0.000001794,0.008
,,,0.000001795,0.008
,,,0.000001796,0.008
,,,0.000001797,0.0088
,,,0.000001798,0.0088
,,,0.000001799,0.0088
,,,0.0000018,0.0072
,,,0.000001801,0.0072
,,,0.000001802,0.008
,,,0.000001803,0.008
,,,0.000001804,0.0088
,,,0.000001805,0.0088
,,,0.000001806,0.0072
,,,0.000001807,0.0072
,,,0.000001808,0.0088
,,,0.000001809,0.008
,,,0.00000181,0.008
,,,0.000001811,0.008
,,,0.000001812,0.008
,,,0.000001813,0.0072
,,,0.000001814,0.0072
,,,0.000001815,0.0072
,,,0.000001816,0.008
,,,0.000001817,0.0088
,,,0.000001818,0.008
,,,0.000001819,0.008
,,,0.00000182,0.0088
,,,0.000001821,0.0088
,,,0.000001822,0.0088
,,,0.000001823,0.0096
,,,0.000001824,0.0088
,,,0.000001825,0.0088
,,,0.000001826,0.0064
,,,0.000001827,0.0088
,,,0.000001828,0.008
,,,0.000001829,0.0088
,,,0.00000183,0.008
,,,0.000001831,0.0072
,,,0.000001832,0.0088
,,,0.000001833,0.008
,,,0.000001834,0.008
,,,0.000001835,0.0072
,,,0.000001836,0.008
,,,0.000001837,0.008
,,,0.000001838,0.0072
,,,0.000001839,0.008
,,,0.00000184,0.0072
,,,0.000001841,0.0072
,,,0.000001842,0.0088
,,,0.000001843,0.008
,,,0.000001844,0.0088
,,,0.000001845,0.0096
,,,0.000001846,0.008
,,,0.000001847,0.008
,,,0.000001848,0.0088
,,,0.000001849,0.0088
,,,0.00000185,0.0088
,,,0.000001851,0.0088
,,,0.000001852,0.008
,,,0.000001853,0.0088
,,,0.000001854,0.0088
,,,0.000001855,0.0088
,,,0.000001856,0.0088
,,,0.000001857,0.008
,,,0.000001858,0.0088
,,,0.000001859,0.0088
,,,0.00000186,0.0088
,,,0.000001861,0.0088
,,,0.000001862,0.008
,,,0.000001863,0.008
,,,0.000001864,0.008
,,,0.000001865,0.008
,,,0.000001866,0.008
,,,0.000001867,0.008
,,,0.000001868,0.0072
,,,0.000001869,0.008
,,,0.00000187,0.0072
,,,0.000001871,0.008
,,,0.000001872,0.0064
,,,0.000001873,0.0072
,,,0.000001874,0.0072
,,,0.000001875,0.0072
,,,0.000001876,0.0064
,,,0.000001877,0.0064
,,,0.000001878,0.0072
,,,0.000001879,0.0064
,,,0.00000188,0.0072
,,,0.000001881,0.0072
,,,0.000001882,0.0072
,,,0.000001883,0.0072
,,,0.000001884,0.0064
,,,0.000001885,0.0064
,,,0.000001886,0.0072
,,,0.000001887,0.0072
,,,0.000001888,0.0072
,,,0.000001889,0.0072
,,,0.00000189,0.0072
,,,0.000001891,0.0072
,,,0.000001892,0.0064
,,,0.000001893,0.0064
,,,0.000001894,0.0064
,,,0.000001895,0.0064
,,,0.000001896,0.008
,,,0.000001897,0.0064
,,,0.000001898,0.0072
,,,0.000001899,0.0072
,,,0.0000019,0.0072
,,,0.000001901,0.0072
,,,0.000001902,0.0072
,,,0.000001903,0.0072
,,,0.000001904,0.008
,,,0.000001905,0.008
,,,0.000001906,0.0072
,,,0.000001907,0.0072
,,,0.000001908,0.008
,,,0.000001909,0.0088
,,,0.00000191,0.008
,,,0.000001911,0.008
,,,0.000001912,0.008
,,,0.000001913,0.0072
,,,0.000001914,0.008
,,,0.000001915,0.0088
,,,0.000001916,0.0088
,,,0.000001917,0.008
,,,0.000001918,0.008
,,,0.000001919,0.0088
,,,0.00000192,0.0072
,,,0.000001921,0.008
,,,0.000001922,0.008
,,,0.000001923,0.008
,,,0.000001924,0.0088
,,,0.000001925,0.0072
,,,0.000001926,0.008
,,,0.000001927,0.008
,,,0.000001928,0.008
,,,0.000001929,0.0072
,,,0.00000193,0.008
,,,0.000001931,0.008
,,,0.000001932,0.0072
,,,0.000001933,0.008
,,,0.000001934,0.0072
,,,0.000001935,0.0072
,,,0.000001936,0.0072
,,,0.000001937,0.0072
,,,0.000001938,0.0088
,,,0.000001939,0.0072
,,,0.00000194,0.0088
,,,0.000001941,0.008
,,,0.000001942,0.008
,,,0.000001943,0.0088
,,,0.000001944,0.008
,,,0.000001945,0.008
,,,0.000001946,0.008
,,,0.000001947,0.0088
,,,0.000001948,0.008
,,,0.000001949,0.0088
,,,0.00000195,0.0088
,,,0.000001951,0.008
,,,0.000001952,0.008
,,,0.000001953,0.0096
,,,0.000001954,0.008
,,,0.000001955,0.008
,,,0.000001956,0.008
,,,0.000001957,0.0088
,,,0.000001958,0.008
,,,0.000001959,0.0088
,,,0.00000196,0.0096
,,,0.000001961,0.0088
,,,0.000001962,0.0088
,,,0.000001963,0.0096
,,,0.000001964,0.0088
,,,0.000001965,0.0088
,,,0.000001966,0.0096
,,,0.000001967,0.0088
,,,0.000001968,0.008
,,,0.000001969,0.0088
,,,0.00000197,0.0096
,,,0.000001971,0.0088
,,,0.000001972,0.008
,,,0.000001973,0.0088
,,,0.000001974,0.0088
,,,0.000001975,0.0088
,,,0.000001976,0.0088
,,,0.000001977,0.008
,,,0.000001978,0.008
,,,0.000001979,0.008
,,,0.00000198,0.0072
,,,0.000001981,0.008
,,,0.000001982,0.0072
,,,0.000001983,0.008
,,,0.000001984,0.0072
,,,0.000001985,0.008
,,,0.000001986,0.0072
,,,0.000001987,0.0072
,,,0.000001988,0.0072
,,,0.000001989,0.0072
,,,0.00000199,0.0072
,,,0.000001991,0.0072
,,,0.000001992,0.0072
,,,0.000001993,0.008
,,,0.000001994,0.0072
,,,0.000001995,0.0072
,,,0.000001996,0.008
,,,0.000001997,0.0072
,,,0.000001998,0.0064
,,,0.000001999,0.0064
,,,0.000002,0.0064
,,,0.000002001,0.0072
,,,0.000002002,0.0056
,,,0.000002003,0.0072
,,,0.000002004,0.0064
,,,0.000002005,0.0072
,,,0.000002006,0.0072
,,,0.000002007,0.008
,,,0.000002008,0.008
,,,0.000002009,0.0064
,,,0.00000201,0.008
,,,0.000002011,0.0064
,,,0.000002012,0.0064
,,,0.000002013,0.008
,,,0.000002014,0.008
,,,0.000002015,0.0072
,,,0.000002016,0.008
,,,0.000002017,0.0072
,,,0.000002018,0.0072
,,,0.000002019,0.008
,,,0.00000202,0.008
,,,0.000002021,0.008
,,,0.000002022,0.008
,,,0.000002023,0.0072
,,,0.000002024,0.008
,,,0.000002025,0.0072
,,,0.000002026,0.0072
,,,0.000002027,0.008
,,,0.000002028,0.0072
,,,0.000002029,0.0072
,,,0.00000203,0.0064
,,,0.000002031,0.0064
,,,0.000002032,0.0072
,,,0.000002033,0.0072
,,,0.000002034,0.0064
,,,0.000002035,0.0064
,,,0.000002036,0.0064
,,,0.000002037,0.0064
,,,0.000002038,0.0064
,,,0.000002039,0.0072
,,,0.00000204,0.008
,,,0.000002041,0.0072
,,,0.000002042,0.008
,,,0.000002043,0.0072
,,,0.000002044,0.0072
,,,0.000002045,0.0064
,,,0.000002046,0.0072
,,,0.000002047,0.008
,,,0.000002048,0.0072
,,,0.000002049,0.008
,,,0.00000205,0.0072
,,,0.000002051,0.0064
,,,0.000002052,0.0072
,,,0.000002053,0.0072
,,,0.000002054,0.008
,,,0.000002055,0.0072
,,,0.000002056,0.0064
,,,0.000002057,0.0072
,,,0.000002058,0.0064
,,,0.000002059,0.0072
,,,0.00000206,0.0064
,,,0.000002061,0.0072
,,,0.000002062,0.0072
,,,0.000002063,0.0064
,,,0.000002064,0.0072
,,,0.000002065,0.0072
,,,0.000002066,0.0064
,,,0.000002067,0.0072
,,,0.000002068,0.0072
,,,0.000002069,0.0072
,,,0.00000207,0.0064
,,,0.000002071,0.0072
,,,0.000002072,0.0072
,,,0.000002073,0.0064
,,,0.000002074,0.0072
,,,0.000002075,0.0064
,,,0.000002076,0.0064
,,,0.000002077,0.0072
,,,0.000002078,0.0072
,,,0.000002079,0.0064
,,,0.00000208,0.0072
,,,0.000002081,0.008
,,,0.000002082,0.0064
,,,0.000002083,0.0072
,,,0.000002084,0.0072
,,,0.000002085,0.0072
,,,0.000002086,0.0072
,,,0.000002087,0.008
,,,0.000002088,0.008
,,,0.000002089,0.0072
,,,0.00000209,0.008
,,,0.000002091,0.008
,,,0.000002092,0.0088
,,,0.000002093,0.0088
,,,0.000002094,0.0088
,,,0.000002095,0.0088
,,,0.000002096,0.0088
,,,0.000002097,0.0096
,,,0.000002098,0.0088
,,,0.000002099,0.0088
,,,0.0000021,0.0088
,,,0.000002101,0.0088
,,,0.000002102,0.0096
,,,0.000002103,0.0088
,,,0.000002104,0.0088
,,,0.000002105,0.0104
,,,0.000002106,0.0096
,,,0.000002107,0.0096
,,,0.000002108,0.0096
,,,0.000002109,0.0088
,,,0.00000211,0.008
,,,0.000002111,0.0088
,,,0.000002112,0.008
,,,0.000002113,0.008
,,,0.000002114,0.0088
,,,0.000002115,0.008
,,,0.000002116,0.0072
,,,0.000002117,0.0088
,,,0.000002118,0.008
,,,0.000002119,0.008
,,,0.00000212,0.0088
,,,0.000002121,0.0088
,,,0.000002122,0.008
,,,0.000002123,0.008
,,,0.000002124,0.0088
,,,0.000002125,0.0072
,,,0.000002126,0.008
,,,0.000002127,0.0088
,,,0.000002128,0.0072
,,,0.000002129,0.0088
,,,0.00000213,0.008
,,,0.000002131,0.0088
,,,0.000002132,0.008
,,,0.000002133,0.008
,,,0.000002134,0.008
,,,0.000002135,0.0088
,,,0.000002136,0.0088
,,,0.000002137,0.0088
,,,0.000002138,0.008
,,,0.000002139,0.0088
,,,0.00000214,0.0088
,,,0.000002141,0.0088
,,,0.000002142,0.0088
,,,0.000002143,0.0088
,,,0.000002144,0.008
,,,0.000002145,0.0096
,,,0.000002146,0.008
,,,0.000002147,0.0088
,,,0.000002148,0.0088
,,,0.000002149,0.0088
,,,0.00000215,0.008
,,,0.000002151,0.008
,,,0.000002152,0.008
,,,0.000002153,0.008
,,,0.000002154,0.008
,,,0.000002155,0.008
,,,0.000002156,0.0072
,,,0.000002157,0.0072
,,,0.000002158,0.0088
,,,0.000002159,0.008
,,,0.00000216,0.008
,,,0.000002161,0.008
,,,0.000002162,0.0064
,,,0.000002163,0.0064
,,,0.000002164,0.0072
,,,0.000002165,0.0064
,,,0.000002166,0.0072
,,,0.000002167,0.0072
,,,0.000002168,0.008
,,,0.000002169,0.0064
